id	title	author
1342	Pride and Prejudice	Jane Austen
158	Emma	Jane Austen
161	Sense and Sensibility	Jane Austen
105	Persuasion	Jane Austen
141	Mansfield Park	Jane Austen
121	Northanger Abbey	Jane Austen
1260	Jane Eyre	Charlotte Bronte
768	Wuthering Heights	Emily Bronte
84	Frankenstein	Mary Shelley
345	Dracula	Bram Stoker
174	The Picture of Dorian Gray	Oscar Wilde
98	A Tale of Two Cities	Charles Dickens
730	Oliver Twist	Charles Dickens
1400	Great Expectations	Charles Dickens
766	David Copperfield	Charles Dickens
1023	Bleak House	Charles Dickens
155	The Moonstone	Wilkie Collins
583	The Woman in White	Wilkie Collins
209	The Turn of the Screw	Henry James
219	Heart of Darkness	Joseph Conrad
2814	Dubliners	James Joyce
2701	Moby Dick	Herman Melville
35	The Time Machine	H G Wells
36	The War of the Worlds	H G Wells
43	Dr Jekyll and Mr Hyde	Robert Louis Stevenson
120	Treasure Island	Robert Louis Stevenson
1661	The Adventures of Sherlock Holmes	Arthur Conan Doyle
2852	The Hound of the Baskervilles	Arthur Conan Doyle
74	The Adventures of Tom Sawyer	Mark Twain
76	Adventures of Huckleberry Finn	Mark Twain
1184	The Count of Monte Cristo	Alexandre Dumas
2554	Crime and Punishment	Fyodor Dostoyevsky
1399	Anna Karenina	Leo Tolstoy
514	Little Women	Louisa May Alcott
271	Black Beauty	Anna Sewell
